T,W,simd,variant,best_median_ns
u8,1,sse2,bare_unpack,19.280000
u8,1,sse2,fused_for,20.190000
u8,1,ymm,bare_unpack,14.450000
u8,1,ymm,fused_for,14.450000
u8,1,zmm,bare_unpack,14.040000
u8,1,zmm,fused_for,9.941000
u8,2,sse2,bare_unpack,19.270000
u8,2,sse2,fused_for,20.500000
u8,2,ymm,bare_unpack,14.470000
u8,2,ymm,fused_for,14.440000
u8,2,zmm,bare_unpack,13.280000
u8,2,zmm,fused_for,7.758000
u8,3,sse2,bare_unpack,22.480000
u8,3,sse2,fused_for,26.480000
u8,3,ymm,bare_unpack,14.200000
u8,3,ymm,fused_for,14.210000
u8,3,zmm,bare_unpack,17.940000
u8,3,zmm,fused_for,12.460000
u8,4,sse2,bare_unpack,19.270000
u8,4,sse2,fused_for,20.270000
u8,4,ymm,bare_unpack,14.210000
u8,4,ymm,fused_for,14.420000
u8,4,zmm,bare_unpack,15.580000
u8,4,zmm,fused_for,15.200000
u8,5,sse2,bare_unpack,27.100000
u8,5,sse2,fused_for,29.620000
u8,5,ymm,bare_unpack,14.460000
u8,5,ymm,fused_for,14.570000
u8,5,zmm,bare_unpack,10.970000
u8,5,zmm,fused_for,21.850000
u8,6,sse2,bare_unpack,29.750000
u8,6,sse2,fused_for,30.950000
u8,6,ymm,bare_unpack,14.460000
u8,6,ymm,fused_for,14.500000
u8,6,zmm,bare_unpack,10.320000
u8,6,zmm,fused_for,20.210000
u8,7,sse2,bare_unpack,34.040000
u8,7,sse2,fused_for,35.460000
u8,7,ymm,bare_unpack,14.460000
u8,7,ymm,fused_for,18.550000
u8,7,zmm,bare_unpack,12.250000
u8,7,zmm,fused_for,17.310000
u8,8,sse2,bare_unpack,16.570000
u8,8,sse2,fused_for,19.280000
u8,8,ymm,bare_unpack,14.440000
u8,8,ymm,fused_for,14.430000
u8,8,zmm,bare_unpack,9.726000
u8,8,zmm,fused_for,19.990000
u16,1,sse2,bare_unpack,38.260000
u16,1,sse2,fused_for,45.880000
u16,1,ymm,bare_unpack,28.640000
u16,1,ymm,fused_for,28.600000
u16,1,zmm,bare_unpack,22.900000
u16,1,zmm,fused_for,27.700000
u16,2,sse2,bare_unpack,38.240000
u16,2,sse2,fused_for,43.150000
u16,2,ymm,bare_unpack,28.630000
u16,2,ymm,fused_for,35.490000
u16,2,zmm,bare_unpack,27.760000
u16,2,zmm,fused_for,20.840000
u16,3,sse2,bare_unpack,47.560000
u16,3,sse2,fused_for,46.530000
u16,3,ymm,bare_unpack,28.640000
u16,3,ymm,fused_for,30.930000
u16,3,zmm,bare_unpack,29.220000
u16,3,zmm,fused_for,27.620000
u16,4,sse2,bare_unpack,47.600000
u16,4,sse2,fused_for,40.100000
u16,4,ymm,bare_unpack,28.620000
u16,4,ymm,fused_for,28.620000
u16,4,zmm,bare_unpack,29.770000
u16,4,zmm,fused_for,21.520000
u16,5,sse2,bare_unpack,47.570000
u16,5,sse2,fused_for,50.680000
u16,5,ymm,bare_unpack,28.660000
u16,5,ymm,fused_for,35.560000
u16,5,zmm,bare_unpack,33.820000
u16,5,zmm,fused_for,26.380000
u16,6,sse2,bare_unpack,47.560000
u16,6,sse2,fused_for,48.660000
u16,6,ymm,bare_unpack,28.690000
u16,6,ymm,fused_for,29.260000
u16,6,zmm,bare_unpack,37.680000
u16,6,zmm,fused_for,27.500000
u16,7,sse2,bare_unpack,47.600000
u16,7,sse2,fused_for,54.100000
u16,7,ymm,bare_unpack,28.690000
u16,7,ymm,fused_for,30.910000
u16,7,zmm,bare_unpack,34.760000
u16,7,zmm,fused_for,31.050000
u16,8,sse2,bare_unpack,47.630000
u16,8,sse2,fused_for,38.240000
u16,8,ymm,bare_unpack,28.660000
u16,8,ymm,fused_for,28.610000
u16,8,zmm,bare_unpack,33.690000
u16,8,zmm,fused_for,29.380000
u16,9,sse2,bare_unpack,47.620000
u16,9,sse2,fused_for,57.510000
u16,9,ymm,bare_unpack,28.670000
u16,9,ymm,fused_for,33.590000
u16,9,zmm,bare_unpack,32.930000
u16,9,zmm,fused_for,33.490000
u16,10,sse2,bare_unpack,47.600000
u16,10,sse2,fused_for,55.640000
u16,10,ymm,bare_unpack,35.540000
u16,10,ymm,fused_for,31.300000
u16,10,zmm,bare_unpack,34.410000
u16,10,zmm,fused_for,34.090000
u16,11,sse2,bare_unpack,47.650000
u16,11,sse2,fused_for,60.730000
u16,11,ymm,bare_unpack,35.690000
u16,11,ymm,fused_for,35.770000
u16,11,zmm,bare_unpack,35.050000
u16,11,zmm,fused_for,35.800000
u16,12,sse2,bare_unpack,47.590000
u16,12,sse2,fused_for,50.160000
u16,12,ymm,bare_unpack,28.630000
u16,12,ymm,fused_for,30.130000
u16,12,zmm,bare_unpack,37.900000
u16,12,zmm,fused_for,35.150000
u16,13,sse2,bare_unpack,58.700000
u16,13,sse2,fused_for,64.760000
u16,13,ymm,bare_unpack,28.590000
u16,13,ymm,fused_for,32.050000
u16,13,zmm,bare_unpack,38.680000
u16,13,zmm,fused_for,38.830000
u16,14,sse2,bare_unpack,54.900000
u16,14,sse2,fused_for,62.570000
u16,14,ymm,bare_unpack,28.620000
u16,14,ymm,fused_for,34.050000
u16,14,zmm,bare_unpack,39.380000
u16,14,zmm,fused_for,39.620000
u16,15,sse2,bare_unpack,53.730000
u16,15,sse2,fused_for,67.700000
u16,15,ymm,bare_unpack,28.620000
u16,15,ymm,fused_for,33.530000
u16,15,zmm,bare_unpack,39.660000
u16,15,zmm,fused_for,41.660000
u16,16,sse2,bare_unpack,46.330000
u16,16,sse2,fused_for,38.230000
u16,16,ymm,bare_unpack,28.660000
u16,16,ymm,fused_for,28.600000
u16,16,zmm,bare_unpack,39.960000
u16,16,zmm,fused_for,37.680000
u32,1,sse2,bare_unpack,76.200000
u32,1,sse2,fused_for,86.710000
u32,1,ymm,bare_unpack,63.740000
u32,1,ymm,fused_for,63.930000
u32,1,zmm,bare_unpack,47.600000
u32,1,zmm,fused_for,62.680000
u32,2,sse2,bare_unpack,76.260000
u32,2,sse2,fused_for,103.700000
u32,2,ymm,bare_unpack,63.710000
u32,2,ymm,fused_for,63.840000
u32,2,zmm,bare_unpack,52.670000
u32,2,zmm,fused_for,47.800000
u32,3,sse2,bare_unpack,111.700000
u32,3,sse2,fused_for,91.200000
u32,3,ymm,bare_unpack,67.680000
u32,3,ymm,fused_for,64.020000
u32,3,zmm,bare_unpack,52.670000
u32,3,zmm,fused_for,58.670000
u32,4,sse2,bare_unpack,107.700000
u32,4,sse2,fused_for,79.630000
u32,4,ymm,bare_unpack,65.680000
u32,4,ymm,fused_for,67.680000
u32,4,zmm,bare_unpack,54.680000
u32,4,zmm,fused_for,48.020000
u32,5,sse2,bare_unpack,105.700000
u32,5,sse2,fused_for,112.700000
u32,5,ymm,bare_unpack,63.800000
u32,5,ymm,fused_for,64.080000
u32,5,zmm,bare_unpack,52.430000
u32,5,zmm,fused_for,53.820000
u32,6,sse2,bare_unpack,101.800000
u32,6,sse2,fused_for,90.380000
u32,6,ymm,bare_unpack,63.900000
u32,6,ymm,fused_for,63.900000
u32,6,zmm,bare_unpack,55.680000
u32,6,zmm,fused_for,51.100000
u32,7,sse2,bare_unpack,101.700000
u32,7,sse2,fused_for,100.800000
u32,7,ymm,bare_unpack,63.840000
u32,7,ymm,fused_for,75.680000
u32,7,zmm,bare_unpack,50.590000
u32,7,zmm,fused_for,65.680000
u32,8,sse2,bare_unpack,101.700000
u32,8,sse2,fused_for,76.380000
u32,8,ymm,bare_unpack,67.680000
u32,8,ymm,fused_for,70.390000
u32,8,zmm,bare_unpack,53.680000
u32,8,zmm,fused_for,52.680000
u32,9,sse2,bare_unpack,101.800000
u32,9,sse2,fused_for,100.200000
u32,9,ymm,bare_unpack,63.990000
u32,9,ymm,fused_for,64.210000
u32,9,zmm,bare_unpack,54.300000
u32,9,zmm,fused_for,53.980000
u32,10,sse2,bare_unpack,101.500000
u32,10,sse2,fused_for,96.230000
u32,10,ymm,bare_unpack,63.670000
u32,10,ymm,fused_for,63.920000
u32,10,zmm,bare_unpack,54.380000
u32,10,zmm,fused_for,53.240000
u32,11,sse2,bare_unpack,101.700000
u32,11,sse2,fused_for,121.700000
u32,11,ymm,bare_unpack,63.740000
u32,11,ymm,fused_for,80.670000
u32,11,zmm,bare_unpack,52.680000
u32,11,zmm,fused_for,64.680000
u32,12,sse2,bare_unpack,101.700000
u32,12,sse2,fused_for,92.630000
u32,12,ymm,bare_unpack,63.760000
u32,12,ymm,fused_for,64.020000
u32,12,zmm,bare_unpack,58.280000
u32,12,zmm,fused_for,60.680000
u32,13,sse2,bare_unpack,102.300000
u32,13,sse2,fused_for,125.700000
u32,13,ymm,bare_unpack,63.710000
u32,13,ymm,fused_for,64.210000
u32,13,zmm,bare_unpack,53.680000
u32,13,zmm,fused_for,65.680000
u32,14,sse2,bare_unpack,101.700000
u32,14,sse2,fused_for,103.100000
u32,14,ymm,bare_unpack,63.680000
u32,14,ymm,fused_for,63.990000
u32,14,zmm,bare_unpack,62.010000
u32,14,zmm,fused_for,65.210000
u32,15,sse2,bare_unpack,102.000000
u32,15,sse2,fused_for,110.100000
u32,15,ymm,bare_unpack,63.720000
u32,15,ymm,fused_for,80.690000
u32,15,zmm,bare_unpack,63.680000
u32,15,zmm,fused_for,66.300000
u32,16,sse2,bare_unpack,101.500000
u32,16,sse2,fused_for,88.700000
u32,16,ymm,bare_unpack,64.670000
u32,16,ymm,fused_for,63.720000
u32,16,zmm,bare_unpack,62.690000
u32,16,zmm,fused_for,66.270000
u32,17,sse2,bare_unpack,101.800000
u32,17,sse2,fused_for,131.600000
u32,17,ymm,bare_unpack,64.300000
u32,17,ymm,fused_for,68.990000
u32,17,zmm,bare_unpack,64.680000
u32,17,zmm,fused_for,69.730000
u32,18,sse2,bare_unpack,101.900000
u32,18,sse2,fused_for,129.700000
u32,18,ymm,bare_unpack,64.150000
u32,18,ymm,fused_for,64.550000
u32,18,zmm,bare_unpack,66.690000
u32,18,zmm,fused_for,67.680000
u32,19,sse2,bare_unpack,104.700000
u32,19,sse2,fused_for,135.700000
u32,19,ymm,bare_unpack,63.800000
u32,19,ymm,fused_for,84.680000
u32,19,zmm,bare_unpack,63.680000
u32,19,zmm,fused_for,71.680000
u32,20,sse2,bare_unpack,112.700000
u32,20,sse2,fused_for,105.600000
u32,20,ymm,bare_unpack,63.900000
u32,20,ymm,fused_for,66.000000
u32,20,zmm,bare_unpack,55.680000
u32,20,zmm,fused_for,69.180000
u32,21,sse2,bare_unpack,107.500000
u32,21,sse2,fused_for,137.700000
u32,21,ymm,bare_unpack,64.070000
u32,21,ymm,fused_for,80.680000
u32,21,zmm,bare_unpack,59.680000
u32,21,zmm,fused_for,78.480000
u32,22,sse2,bare_unpack,123.700000
u32,22,sse2,fused_for,116.800000
u32,22,ymm,bare_unpack,72.680000
u32,22,ymm,fused_for,64.550000
u32,22,zmm,bare_unpack,59.700000
u32,22,zmm,fused_for,70.680000
u32,23,sse2,bare_unpack,108.900000
u32,23,sse2,fused_for,142.700000
u32,23,ymm,bare_unpack,63.740000
u32,23,ymm,fused_for,73.340000
u32,23,zmm,bare_unpack,79.000000
u32,23,zmm,fused_for,75.680000
u32,24,sse2,bare_unpack,110.100000
u32,24,sse2,fused_for,98.820000
u32,24,ymm,bare_unpack,63.740000
u32,24,ymm,fused_for,64.020000
u32,24,zmm,bare_unpack,55.680000
u32,24,zmm,fused_for,61.670000
u32,25,sse2,bare_unpack,112.200000
u32,25,sse2,fused_for,128.700000
u32,25,ymm,bare_unpack,64.150000
u32,25,ymm,fused_for,96.680000
u32,25,zmm,bare_unpack,68.680000
u32,25,zmm,fused_for,79.680000
u32,26,sse2,bare_unpack,107.400000
u32,26,sse2,fused_for,124.100000
u32,26,ymm,bare_unpack,63.770000
u32,26,ymm,fused_for,66.620000
u32,26,zmm,bare_unpack,81.360000
u32,26,zmm,fused_for,80.240000
u32,27,sse2,bare_unpack,113.600000
u32,27,sse2,fused_for,132.400000
u32,27,ymm,bare_unpack,64.020000
u32,27,ymm,fused_for,90.680000
u32,27,zmm,bare_unpack,79.770000
u32,27,zmm,fused_for,89.550000
u32,28,sse2,bare_unpack,127.700000
u32,28,sse2,fused_for,120.000000
u32,28,ymm,bare_unpack,64.050000
u32,28,ymm,fused_for,65.430000
u32,28,zmm,bare_unpack,70.680000
u32,28,zmm,fused_for,81.960000
u32,29,sse2,bare_unpack,118.200000
u32,29,sse2,fused_for,151.700000
u32,29,ymm,bare_unpack,64.120000
u32,29,ymm,fused_for,95.670000
u32,29,zmm,bare_unpack,88.300000
u32,29,zmm,fused_for,85.680000
u32,30,sse2,bare_unpack,134.600000
u32,30,sse2,fused_for,130.700000
u32,30,ymm,bare_unpack,64.330000
u32,30,ymm,fused_for,94.680000
u32,30,zmm,bare_unpack,80.680000
u32,30,zmm,fused_for,85.680000
u32,31,sse2,bare_unpack,121.500000
u32,31,sse2,fused_for,137.400000
u32,31,ymm,bare_unpack,70.270000
u32,31,ymm,fused_for,79.230000
u32,31,zmm,bare_unpack,77.680000
u32,31,zmm,fused_for,92.680000
u32,32,sse2,bare_unpack,106.700000
u32,32,sse2,fused_for,76.130000
u32,32,ymm,bare_unpack,68.590000
u32,32,ymm,fused_for,64.490000
u32,32,zmm,bare_unpack,78.680000
u32,32,zmm,fused_for,85.670000
u64,1,sse2,bare_unpack,164.700000
u64,1,sse2,fused_for,190.700000
u64,1,ymm,bare_unpack,121.600000
u64,1,ymm,fused_for,139.600000
u64,1,zmm,bare_unpack,90.680000
u64,1,zmm,fused_for,93.680000
u64,2,sse2,bare_unpack,151.700000
u64,2,sse2,fused_for,189.700000
u64,2,ymm,bare_unpack,127.900000
u64,2,ymm,fused_for,139.600000
u64,2,zmm,bare_unpack,95.590000
u64,2,zmm,fused_for,93.700000
u64,3,sse2,bare_unpack,201.600000
u64,3,sse2,fused_for,191.700000
u64,3,ymm,bare_unpack,132.600000
u64,3,ymm,fused_for,131.600000
u64,3,zmm,bare_unpack,90.680000
u64,3,zmm,fused_for,95.680000
u64,4,sse2,bare_unpack,212.700000
u64,4,sse2,fused_for,193.600000
u64,4,ymm,bare_unpack,132.600000
u64,4,ymm,fused_for,130.600000
u64,4,zmm,bare_unpack,92.680000
u64,4,zmm,fused_for,92.680000
u64,5,sse2,bare_unpack,202.700000
u64,5,sse2,fused_for,198.700000
u64,5,ymm,bare_unpack,127.000000
u64,5,ymm,fused_for,133.600000
u64,5,zmm,bare_unpack,97.330000
u64,5,zmm,fused_for,96.680000
u64,6,sse2,bare_unpack,202.100000
u64,6,sse2,fused_for,204.700000
u64,6,ymm,bare_unpack,128.400000
u64,6,ymm,fused_for,141.600000
u64,6,zmm,bare_unpack,97.920000
u64,6,zmm,fused_for,95.670000
u64,7,sse2,bare_unpack,212.700000
u64,7,sse2,fused_for,208.700000
u64,7,ymm,bare_unpack,126.800000
u64,7,ymm,fused_for,134.600000
u64,7,zmm,bare_unpack,93.680000
u64,7,zmm,fused_for,96.680000
u64,8,sse2,bare_unpack,214.600000
u64,8,sse2,fused_for,181.700000
u64,8,ymm,bare_unpack,127.400000
u64,8,ymm,fused_for,139.600000
u64,8,zmm,bare_unpack,106.700000
u64,8,zmm,fused_for,93.680000
u64,9,sse2,bare_unpack,211.700000
u64,9,sse2,fused_for,206.700000
u64,9,ymm,bare_unpack,127.100000
u64,9,ymm,fused_for,134.600000
u64,9,zmm,bare_unpack,92.680000
u64,9,zmm,fused_for,97.680000
u64,10,sse2,bare_unpack,213.700000
u64,10,sse2,fused_for,206.700000
u64,10,ymm,bare_unpack,126.800000
u64,10,ymm,fused_for,139.600000
u64,10,zmm,bare_unpack,102.300000
u64,10,zmm,fused_for,98.680000
u64,11,sse2,bare_unpack,214.700000
u64,11,sse2,fused_for,219.700000
u64,11,ymm,bare_unpack,126.800000
u64,11,ymm,fused_for,133.600000
u64,11,zmm,bare_unpack,94.680000
u64,11,zmm,fused_for,97.670000
u64,12,sse2,bare_unpack,222.600000
u64,12,sse2,fused_for,209.300000
u64,12,ymm,bare_unpack,138.600000
u64,12,ymm,fused_for,136.600000
u64,12,zmm,bare_unpack,88.700000
u64,12,zmm,fused_for,95.680000
u64,13,sse2,bare_unpack,217.600000
u64,13,sse2,fused_for,222.700000
u64,13,ymm,bare_unpack,121.600000
u64,13,ymm,fused_for,135.700000
u64,13,zmm,bare_unpack,92.680000
u64,13,zmm,fused_for,103.600000
u64,14,sse2,bare_unpack,214.700000
u64,14,sse2,fused_for,214.700000
u64,14,ymm,bare_unpack,128.200000
u64,14,ymm,fused_for,136.600000
u64,14,zmm,bare_unpack,104.600000
u64,14,zmm,fused_for,106.600000
u64,15,sse2,bare_unpack,206.700000
u64,15,sse2,fused_for,219.700000
u64,15,ymm,bare_unpack,124.600000
u64,15,ymm,fused_for,142.600000
u64,15,zmm,bare_unpack,96.680000
u64,15,zmm,fused_for,101.600000
u64,16,sse2,bare_unpack,213.600000
u64,16,sse2,fused_for,169.700000
u64,16,ymm,bare_unpack,128.600000
u64,16,ymm,fused_for,130.600000
u64,16,zmm,bare_unpack,96.680000
u64,16,zmm,fused_for,96.680000
u64,17,sse2,bare_unpack,212.700000
u64,17,sse2,fused_for,222.700000
u64,17,ymm,bare_unpack,127.200000
u64,17,ymm,fused_for,138.600000
u64,17,zmm,bare_unpack,103.600000
u64,17,zmm,fused_for,108.600000
u64,18,sse2,bare_unpack,213.700000
u64,18,sse2,fused_for,224.700000
u64,18,ymm,bare_unpack,127.300000
u64,18,ymm,fused_for,143.600000
u64,18,zmm,bare_unpack,98.670000
u64,18,zmm,fused_for,114.700000
u64,19,sse2,bare_unpack,203.300000
u64,19,sse2,fused_for,232.300000
u64,19,ymm,bare_unpack,127.700000
u64,19,ymm,fused_for,145.600000
u64,19,zmm,bare_unpack,118.400000
u64,19,zmm,fused_for,114.600000
u64,20,sse2,bare_unpack,217.700000
u64,20,sse2,fused_for,213.600000
u64,20,ymm,bare_unpack,129.700000
u64,20,ymm,fused_for,138.600000
u64,20,zmm,bare_unpack,104.700000
u64,20,zmm,fused_for,106.600000
u64,21,sse2,bare_unpack,213.600000
u64,21,sse2,fused_for,232.700000
u64,21,ymm,bare_unpack,127.300000
u64,21,ymm,fused_for,147.600000
u64,21,zmm,bare_unpack,111.600000
u64,21,zmm,fused_for,117.600000
u64,22,sse2,bare_unpack,218.700000
u64,22,sse2,fused_for,231.700000
u64,22,ymm,bare_unpack,127.800000
u64,22,ymm,fused_for,146.600000
u64,22,zmm,bare_unpack,99.670000
u64,22,zmm,fused_for,115.600000
u64,23,sse2,bare_unpack,225.700000
u64,23,sse2,fused_for,234.600000
u64,23,ymm,bare_unpack,135.300000
u64,23,ymm,fused_for,155.600000
u64,23,zmm,bare_unpack,97.680000
u64,23,zmm,fused_for,118.300000
u64,24,sse2,bare_unpack,214.400000
u64,24,sse2,fused_for,213.700000
u64,24,ymm,bare_unpack,139.600000
u64,24,ymm,fused_for,134.700000
u64,24,zmm,bare_unpack,121.600000
u64,24,zmm,fused_for,135.600000
u64,25,sse2,bare_unpack,235.700000
u64,25,sse2,fused_for,231.700000
u64,25,ymm,bare_unpack,139.600000
u64,25,ymm,fused_for,154.600000
u64,25,zmm,bare_unpack,115.600000
u64,25,zmm,fused_for,119.600000
u64,26,sse2,bare_unpack,229.700000
u64,26,sse2,fused_for,231.700000
u64,26,ymm,bare_unpack,127.400000
u64,26,ymm,fused_for,143.400000
u64,26,zmm,bare_unpack,116.600000
u64,26,zmm,fused_for,117.600000
u64,27,sse2,bare_unpack,220.700000
u64,27,sse2,fused_for,254.600000
u64,27,ymm,bare_unpack,139.600000
u64,27,ymm,fused_for,143.600000
u64,27,zmm,bare_unpack,119.600000
u64,27,zmm,fused_for,130.600000
u64,28,sse2,bare_unpack,230.700000
u64,28,sse2,fused_for,242.700000
u64,28,ymm,bare_unpack,127.600000
u64,28,ymm,fused_for,144.600000
u64,28,zmm,bare_unpack,135.600000
u64,28,zmm,fused_for,125.600000
u64,29,sse2,bare_unpack,222.600000
u64,29,sse2,fused_for,246.700000
u64,29,ymm,bare_unpack,138.600000
u64,29,ymm,fused_for,161.600000
u64,29,zmm,bare_unpack,142.600000
u64,29,zmm,fused_for,122.600000
u64,30,sse2,bare_unpack,226.700000
u64,30,sse2,fused_for,239.700000
u64,30,ymm,bare_unpack,131.600000
u64,30,ymm,fused_for,155.600000
u64,30,zmm,bare_unpack,131.900000
u64,30,zmm,fused_for,122.600000
u64,31,sse2,bare_unpack,232.700000
u64,31,sse2,fused_for,245.700000
u64,31,ymm,bare_unpack,131.700000
u64,31,ymm,fused_for,156.600000
u64,31,zmm,bare_unpack,135.100000
u64,31,zmm,fused_for,130.600000
u64,32,sse2,bare_unpack,204.700000
u64,32,sse2,fused_for,166.700000
u64,32,ymm,bare_unpack,129.100000
u64,32,ymm,fused_for,133.600000
u64,32,zmm,bare_unpack,123.600000
u64,32,zmm,fused_for,136.600000
u64,33,sse2,bare_unpack,220.700000
u64,33,sse2,fused_for,245.700000
u64,33,ymm,bare_unpack,133.600000
u64,33,ymm,fused_for,152.600000
u64,33,zmm,bare_unpack,139.200000
u64,33,zmm,fused_for,132.600000
u64,34,sse2,bare_unpack,223.700000
u64,34,sse2,fused_for,250.700000
u64,34,ymm,bare_unpack,127.900000
u64,34,ymm,fused_for,161.600000
u64,34,zmm,bare_unpack,144.700000
u64,34,zmm,fused_for,133.600000
u64,35,sse2,bare_unpack,221.700000
u64,35,sse2,fused_for,266.700000
u64,35,ymm,bare_unpack,135.600000
u64,35,ymm,fused_for,159.600000
u64,35,zmm,bare_unpack,134.600000
u64,35,zmm,fused_for,148.600000
u64,36,sse2,bare_unpack,223.700000
u64,36,sse2,fused_for,248.700000
u64,36,ymm,bare_unpack,138.600000
u64,36,ymm,fused_for,154.600000
u64,36,zmm,bare_unpack,135.600000
u64,36,zmm,fused_for,144.600000
u64,37,sse2,bare_unpack,239.700000
u64,37,sse2,fused_for,275.600000
u64,37,ymm,bare_unpack,132.600000
u64,37,ymm,fused_for,163.600000
u64,37,zmm,bare_unpack,142.600000
u64,37,zmm,fused_for,142.600000
u64,38,sse2,bare_unpack,244.700000
u64,38,sse2,fused_for,254.700000
u64,38,ymm,bare_unpack,128.800000
u64,38,ymm,fused_for,157.600000
u64,38,zmm,bare_unpack,134.600000
u64,38,zmm,fused_for,142.600000
u64,39,sse2,bare_unpack,240.700000
u64,39,sse2,fused_for,260.600000
u64,39,ymm,bare_unpack,127.400000
u64,39,ymm,fused_for,163.600000
u64,39,zmm,bare_unpack,137.600000
u64,39,zmm,fused_for,153.600000
u64,40,sse2,bare_unpack,223.700000
u64,40,sse2,fused_for,234.600000
u64,40,ymm,bare_unpack,139.600000
u64,40,ymm,fused_for,139.600000
u64,40,zmm,bare_unpack,134.600000
u64,40,zmm,fused_for,136.600000
u64,41,sse2,bare_unpack,257.400000
u64,41,sse2,fused_for,265.700000
u64,41,ymm,bare_unpack,138.600000
u64,41,ymm,fused_for,163.600000
u64,41,zmm,bare_unpack,159.700000
u64,41,zmm,fused_for,155.600000
u64,42,sse2,bare_unpack,245.700000
u64,42,sse2,fused_for,263.700000
u64,42,ymm,bare_unpack,141.600000
u64,42,ymm,fused_for,168.700000
u64,42,zmm,bare_unpack,144.600000
u64,42,zmm,fused_for,157.600000
u64,43,sse2,bare_unpack,250.700000
u64,43,sse2,fused_for,271.600000
u64,43,ymm,bare_unpack,132.600000
u64,43,ymm,fused_for,164.600000
u64,43,zmm,bare_unpack,135.600000
u64,43,zmm,fused_for,158.600000
u64,44,sse2,bare_unpack,234.700000
u64,44,sse2,fused_for,260.700000
u64,44,ymm,bare_unpack,128.200000
u64,44,ymm,fused_for,159.600000
u64,44,zmm,bare_unpack,138.600000
u64,44,zmm,fused_for,151.600000
u64,45,sse2,bare_unpack,256.700000
u64,45,sse2,fused_for,282.700000
u64,45,ymm,bare_unpack,139.600000
u64,45,ymm,fused_for,182.600000
u64,45,zmm,bare_unpack,157.600000
u64,45,zmm,fused_for,167.600000
u64,46,sse2,bare_unpack,247.700000
u64,46,sse2,fused_for,342.700000
u64,46,ymm,bare_unpack,127.900000
u64,46,ymm,fused_for,179.600000
u64,46,zmm,bare_unpack,174.100000
u64,46,zmm,fused_for,155.600000
u64,47,sse2,bare_unpack,262.700000
u64,47,sse2,fused_for,285.700000
u64,47,ymm,bare_unpack,127.600000
u64,47,ymm,fused_for,195.600000
u64,47,zmm,bare_unpack,146.600000
u64,47,zmm,fused_for,166.600000
u64,48,sse2,bare_unpack,221.600000
u64,48,sse2,fused_for,223.700000
u64,48,ymm,bare_unpack,139.600000
u64,48,ymm,fused_for,149.600000
u64,48,zmm,bare_unpack,157.600000
u64,48,zmm,fused_for,157.700000
u64,49,sse2,bare_unpack,265.700000
u64,49,sse2,fused_for,333.700000
u64,49,ymm,bare_unpack,136.800000
u64,49,ymm,fused_for,183.600000
u64,49,zmm,bare_unpack,165.400000
u64,49,zmm,fused_for,181.600000
u64,50,sse2,bare_unpack,276.700000
u64,50,sse2,fused_for,294.700000
u64,50,ymm,bare_unpack,128.700000
u64,50,ymm,fused_for,173.600000
u64,50,zmm,bare_unpack,175.200000
u64,50,zmm,fused_for,164.600000
u64,51,sse2,bare_unpack,281.700000
u64,51,sse2,fused_for,284.700000
u64,51,ymm,bare_unpack,128.400000
u64,51,ymm,fused_for,193.600000
u64,51,zmm,bare_unpack,179.100000
u64,51,zmm,fused_for,179.600000
u64,52,sse2,bare_unpack,256.700000
u64,52,sse2,fused_for,274.700000
u64,52,ymm,bare_unpack,128.100000
u64,52,ymm,fused_for,177.600000
u64,52,zmm,bare_unpack,178.600000
u64,52,zmm,fused_for,170.600000
u64,53,sse2,bare_unpack,293.700000
u64,53,sse2,fused_for,296.700000
u64,53,ymm,bare_unpack,140.600000
u64,53,ymm,fused_for,190.600000
u64,53,zmm,bare_unpack,161.600000
u64,53,zmm,fused_for,183.600000
u64,54,sse2,bare_unpack,301.700000
u64,54,sse2,fused_for,321.600000
u64,54,ymm,bare_unpack,135.300000
u64,54,ymm,fused_for,191.600000
u64,54,zmm,bare_unpack,175.600000
u64,54,zmm,fused_for,165.600000
u64,55,sse2,bare_unpack,288.700000
u64,55,sse2,fused_for,303.700000
u64,55,ymm,bare_unpack,139.600000
u64,55,ymm,fused_for,199.600000
u64,55,zmm,bare_unpack,152.600000
u64,55,zmm,fused_for,180.600000
u64,56,sse2,bare_unpack,261.700000
u64,56,sse2,fused_for,273.700000
u64,56,ymm,bare_unpack,139.700000
u64,56,ymm,fused_for,149.600000
u64,56,zmm,bare_unpack,161.600000
u64,56,zmm,fused_for,165.600000
u64,57,sse2,bare_unpack,281.700000
u64,57,sse2,fused_for,297.700000
u64,57,ymm,bare_unpack,132.600000
u64,57,ymm,fused_for,194.600000
u64,57,zmm,bare_unpack,185.300000
u64,57,zmm,fused_for,183.600000
u64,58,sse2,bare_unpack,309.700000
u64,58,sse2,fused_for,289.700000
u64,58,ymm,bare_unpack,141.600000
u64,58,ymm,fused_for,195.600000
u64,58,zmm,bare_unpack,172.600000
u64,58,zmm,fused_for,182.600000
u64,59,sse2,bare_unpack,297.700000
u64,59,sse2,fused_for,299.700000
u64,59,ymm,bare_unpack,146.600000
u64,59,ymm,fused_for,184.600000
u64,59,zmm,bare_unpack,174.600000
u64,59,zmm,fused_for,186.600000
u64,60,sse2,bare_unpack,277.700000
u64,60,sse2,fused_for,286.700000
u64,60,ymm,bare_unpack,149.600000
u64,60,ymm,fused_for,186.600000
u64,60,zmm,bare_unpack,182.600000
u64,60,zmm,fused_for,175.600000
u64,61,sse2,bare_unpack,298.700000
u64,61,sse2,fused_for,307.700000
u64,61,ymm,bare_unpack,140.600000
u64,61,ymm,fused_for,184.600000
u64,61,zmm,bare_unpack,179.600000
u64,61,zmm,fused_for,197.600000
u64,62,sse2,bare_unpack,305.700000
u64,62,sse2,fused_for,301.600000
u64,62,ymm,bare_unpack,138.600000
u64,62,ymm,fused_for,181.600000
u64,62,zmm,bare_unpack,172.600000
u64,62,zmm,fused_for,183.600000
u64,63,sse2,bare_unpack,288.700000
u64,63,sse2,fused_for,306.700000
u64,63,ymm,bare_unpack,143.600000
u64,63,ymm,fused_for,194.600000
u64,63,zmm,bare_unpack,184.600000
u64,63,zmm,fused_for,196.600000
u64,64,sse2,bare_unpack,223.700000
u64,64,sse2,fused_for,172.700000
u64,64,ymm,bare_unpack,131.000000
u64,64,ymm,fused_for,139.600000
u64,64,zmm,bare_unpack,198.900000
u64,64,zmm,fused_for,178.600000
